Country,Region,Year,Groundwater_Level_Index,Water_Stress_Percent,Population_Millions,Annual_Withdrawal_km3,Annual_Rainfall_mm,Depletion_Rate_m_per_year
India,South Asia,1990,100.75,71.72,1200.0,120.0,897.2,-0.8
India,South Asia,1991,101.48,72.03,1218.0,123.627,764.9,-0.8
India,South Asia,1992,100.77,74.53,1236.27,127.336,729.6,-0.8
India,South Asia,1993,98.41,72.57,1254.81,131.128,730.1,-0.8
India,South Asia,1994,97.16,70.17,1273.64,135.005,541.3,-0.8
India,South Asia,1995,95.16,72.47,1292.74,138.97,847.1,-0.8
India,South Asia,1996,93.84,72.18,1312.13,143.022,1019.8,-0.8
India,South Asia,1997,94.06,75.64,1331.81,147.165,586.3,-0.8
India,South Asia,1998,92.78,76.22,1351.79,151.401,627.4,-0.8
India,South Asia,1999,93.36,75.3,1372.07,155.73,756.2,-0.8
India,South Asia,2000,91.1,80.7,1392.65,160.155,798.0,-0.8
India,South Asia,2001,89.61,79.15,1413.54,164.677,616.9,-0.8
India,South Asia,2002,90.71,74.08,1434.74,169.3,600.8,-0.8
India,South Asia,2003,89.9,79.98,1456.26,174.023,825.7,-0.8
India,South Asia,2004,88.63,78.4,1478.11,178.851,578.2,-0.8
India,South Asia,2005,86.92,78.58,1500.28,183.784,958.6,-0.8
India,South Asia,2006,87.72,76.47,1522.78,188.825,848.6,-0.8
India,South Asia,2007,85.82,79.15,1545.62,193.976,891.8,-0.8
India,South Asia,2008,87.15,82.86,1568.81,199.239,674.1,-0.8
India,South Asia,2009,84.34,82.16,1592.34,204.616,946.3,-0.8
India,South Asia,2010,83.28,81.63,1616.23,210.109,634.0,-0.8
India,South Asia,2011,81.41,84.13,1640.47,215.722,1003.4,-0.8
India,South Asia,2012,82.29,85.01,1665.08,221.455,854.2,-0.8
India,South Asia,2013,80.63,84.22,1690.05,227.312,1030.7,-0.8
India,South Asia,2014,80.75,87.13,1715.4,233.295,407.0,-0.8
India,South Asia,2015,81.23,84.67,1741.13,239.406,755.1,-0.8
India,South Asia,2016,79.34,81.02,1767.25,245.648,767.0,-0.8
India,South Asia,2017,78.94,88.46,1793.76,252.023,722.3,-0.8
India,South Asia,2018,76.39,85.0,1820.67,258.535,937.3,-0.8
India,South Asia,2019,77.29,85.44,1847.98,265.185,877.0,-0.8
India,South Asia,2020,76.15,88.94,1875.7,271.976,694.7,-0.8
India,South Asia,2021,74.71,86.72,1903.83,278.911,580.5,-0.8
India,South Asia,2022,74.84,88.52,1932.39,285.994,800.8,-0.8
India,South Asia,2023,73.25,85.67,1961.38,293.226,736.9,-0.8
China,East Asia,1990,99.49,63.4,1200.0,120.0,775.8,-0.6
China,East Asia,1991,100.01,69.27,1218.0,123.627,826.2,-0.6
China,East Asia,1992,99.19,65.85,1236.27,127.336,512.2,-0.6
China,East Asia,1993,98.16,66.62,1254.81,131.128,1169.5,-0.6
China,East Asia,1994,97.31,67.6,1273.64,135.005,794.8,-0.6
China,East Asia,1995,95.25,69.79,1292.74,138.97,912.8,-0.6
China,East Asia,1996,97.59,66.18,1312.13,143.022,1010.4,-0.6
China,East Asia,1997,93.7,69.67,1331.81,147.165,1128.6,-0.6
China,East Asia,1998,93.71,67.87,1351.79,151.401,814.9,-0.6
China,East Asia,1999,93.84,66.4,1372.07,155.73,810.3,-0.6
China,East Asia,2000,92.41,70.95,1392.65,160.155,662.1,-0.6
China,East Asia,2001,95.72,68.93,1413.54,164.677,751.7,-0.6
China,East Asia,2002,94.02,68.54,1434.74,169.3,834.1,-0.6
China,East Asia,2003,94.16,68.29,1456.26,174.023,827.7,-0.6
China,East Asia,2004,91.99,73.56,1478.11,178.851,614.5,-0.6
China,East Asia,2005,89.02,73.54,1500.28,183.784,844.5,-0.6
China,East Asia,2006,90.78,73.69,1522.78,188.825,698.0,-0.6
China,East Asia,2007,90.15,74.09,1545.62,193.976,692.8,-0.6
China,East Asia,2008,92.0,74.95,1568.81,199.239,621.3,-0.6
China,East Asia,2009,89.58,72.55,1592.34,204.616,918.1,-0.6
China,East Asia,2010,89.74,73.36,1616.23,210.109,944.5,-0.6
China,East Asia,2011,88.02,77.14,1640.47,215.722,1084.5,-0.6
China,East Asia,2012,86.43,74.49,1665.08,221.455,666.6,-0.6
China,East Asia,2013,84.98,76.35,1690.05,227.312,851.2,-0.6
China,East Asia,2014,86.02,78.65,1715.4,233.295,802.0,-0.6
China,East Asia,2015,87.18,76.97,1741.13,239.406,1208.0,-0.6
China,East Asia,2016,85.34,76.29,1767.25,245.648,639.4,-0.6
China,East Asia,2017,84.52,78.05,1793.76,252.023,907.1,-0.6
China,East Asia,2018,83.91,78.85,1820.67,258.535,673.0,-0.6
China,East Asia,2019,80.33,78.61,1847.98,265.185,928.5,-0.6
China,East Asia,2020,82.32,77.51,1875.7,271.976,826.0,-0.6
China,East Asia,2021,81.98,78.73,1903.83,278.911,823.1,-0.6
China,East Asia,2022,80.89,78.71,1932.39,285.994,853.7,-0.6
China,East Asia,2023,81.04,83.67,1961.38,293.226,958.1,-0.6
Pakistan,South Asia,1990,97.93,93.12,100.0,10.0,877.3,-0.9
Pakistan,South Asia,1991,99.87,96.53,101.5,10.302,1377.9,-0.9
Pakistan,South Asia,1992,99.06,98.27,103.02,10.611,943.1,-0.9
Pakistan,South Asia,1993,98.28,95.87,104.57,10.927,913.8,-0.9
Pakistan,South Asia,1994,95.24,96.53,106.14,11.25,727.2,-0.9
Pakistan,South Asia,1995,95.62,102.13,107.73,11.581,519.9,-0.9
Pakistan,South Asia,1996,95.63,94.77,109.34,11.919,729.2,-0.9
Pakistan,South Asia,1997,95.33,98.63,110.98,12.264,638.3,-0.9
Pakistan,South Asia,1998,91.73,100.36,112.65,12.617,690.4,-0.9
Pakistan,South Asia,1999,92.22,99.59,114.34,12.977,702.3,-0.9
Pakistan,South Asia,2000,94.22,101.27,116.05,13.346,496.2,-0.9
Pakistan,South Asia,2001,90.38,99.18,117.79,13.723,927.9,-0.9
Pakistan,South Asia,2002,88.01,100.77,119.56,14.108,875.7,-0.9
Pakistan,South Asia,2003,89.6,99.1,121.36,14.502,749.8,-0.9
Pakistan,South Asia,2004,86.69,100.69,123.18,14.904,1064.8,-0.9
Pakistan,South Asia,2005,87.11,99.98,125.02,15.315,937.7,-0.9
Pakistan,South Asia,2006,88.78,105.06,126.9,15.735,572.1,-0.9
Pakistan,South Asia,2007,83.97,106.03,128.8,16.165,693.8,-0.9
Pakistan,South Asia,2008,84.47,105.55,130.73,16.603,661.0,-0.9
Pakistan,South Asia,2009,82.81,98.02,132.7,17.051,646.3,-0.9
Pakistan,South Asia,2010,81.62,102.5,134.69,17.509,1044.9,-0.9
Pakistan,South Asia,2011,78.95,104.62,136.71,17.977,819.6,-0.9
Pakistan,South Asia,2012,82.36,103.13,138.76,18.455,974.5,-0.9
Pakistan,South Asia,2013,79.32,104.54,140.84,18.943,869.3,-0.9
Pakistan,South Asia,2014,78.7,105.8,142.95,19.441,810.5,-0.9
Pakistan,South Asia,2015,76.92,107.73,145.09,19.95,899.3,-0.9
Pakistan,South Asia,2016,78.98,105.52,147.27,20.471,1120.0,-0.9
Pakistan,South Asia,2017,72.77,108.2,149.48,21.002,888.2,-0.9
Pakistan,South Asia,2018,75.22,107.75,151.72,21.545,768.8,-0.9
Pakistan,South Asia,2019,73.16,108.32,154.0,22.099,927.4,-0.9
Pakistan,South Asia,2020,73.54,108.61,156.31,22.665,934.9,-0.9
Pakistan,South Asia,2021,72.56,112.13,158.65,23.243,894.4,-0.9
Pakistan,South Asia,2022,69.96,109.88,161.03,23.833,912.1,-0.9
Pakistan,South Asia,2023,71.22,111.46,163.45,24.435,817.6,-0.9
Bangladesh,South Asia,1990,101.92,53.82,100.0,10.0,882.1,-0.5
Bangladesh,South Asia,1991,99.2,55.06,101.5,10.302,964.8,-0.5
Bangladesh,South Asia,1992,100.24,57.63,103.02,10.611,995.8,-0.5
Bangladesh,South Asia,1993,98.53,57.86,104.57,10.927,753.5,-0.5
Bangladesh,South Asia,1994,98.49,56.74,106.14,11.25,814.5,-0.5
Bangladesh,South Asia,1995,98.39,55.86,107.73,11.581,1113.9,-0.5
Bangladesh,South Asia,1996,95.49,55.57,109.34,11.919,973.7,-0.5
Bangladesh,South Asia,1997,97.69,59.75,110.98,12.264,894.3,-0.5
Bangladesh,South Asia,1998,95.98,57.21,112.65,12.617,811.4,-0.5
Bangladesh,South Asia,1999,94.48,61.45,114.34,12.977,777.9,-0.5
Bangladesh,South Asia,2000,93.76,59.36,116.05,13.346,861.9,-0.5
Bangladesh,South Asia,2001,93.65,58.86,117.79,13.723,836.6,-0.5
Bangladesh,South Asia,2002,94.37,59.99,119.56,14.108,729.3,-0.5
Bangladesh,South Asia,2003,93.85,58.6,121.36,14.502,588.9,-0.5
Bangladesh,South Asia,2004,91.92,61.57,123.18,14.904,846.6,-0.5
Bangladesh,South Asia,2005,94.71,64.22,125.02,15.315,776.0,-0.5
Bangladesh,South Asia,2006,91.97,60.99,126.9,15.735,797.2,-0.5
Bangladesh,South Asia,2007,91.07,64.15,128.8,16.165,675.9,-0.5
Bangladesh,South Asia,2008,91.78,67.07,130.73,16.603,783.7,-0.5
Bangladesh,South Asia,2009,91.1,65.88,132.7,17.051,739.8,-0.5
Bangladesh,South Asia,2010,90.34,65.03,134.69,17.509,814.7,-0.5
Bangladesh,South Asia,2011,88.34,65.55,136.71,17.977,874.7,-0.5
Bangladesh,South Asia,2012,91.18,67.92,138.76,18.455,1123.0,-0.5
Bangladesh,South Asia,2013,87.35,68.24,140.84,18.943,827.5,-0.5
Bangladesh,South Asia,2014,91.28,65.38,142.95,19.441,674.0,-0.5
Bangladesh,South Asia,2015,86.6,63.25,145.09,19.95,721.1,-0.5
Bangladesh,South Asia,2016,85.86,68.3,147.27,20.471,851.3,-0.5
Bangladesh,South Asia,2017,89.31,70.4,149.48,21.002,713.5,-0.5
Bangladesh,South Asia,2018,84.65,69.98,151.72,21.545,602.0,-0.5
Bangladesh,South Asia,2019,88.25,71.86,154.0,22.099,729.6,-0.5
Bangladesh,South Asia,2020,82.43,72.71,156.31,22.665,782.8,-0.5
Bangladesh,South Asia,2021,86.36,67.31,158.65,23.243,710.1,-0.5
Bangladesh,South Asia,2022,84.01,71.09,161.03,23.833,732.5,-0.5
Bangladesh,South Asia,2023,84.43,69.36,163.45,24.435,778.6,-0.5
Iran,Middle East,1990,100.18,99.03,100.0,10.0,906.7,-1.0
Iran,Middle East,1991,97.31,95.43,101.5,10.302,991.7,-1.0
Iran,Middle East,1992,98.5,97.5,103.02,10.611,1032.7,-1.0
Iran,Middle East,1993,97.17,101.86,104.57,10.927,810.1,-1.0
Iran,Middle East,1994,99.09,103.51,106.14,11.25,762.7,-1.0
Iran,Middle East,1995,96.46,101.79,107.73,11.581,1005.3,-1.0
Iran,Middle East,1996,92.55,102.37,109.34,11.919,958.8,-1.0
Iran,Middle East,1997,90.36,99.13,110.98,12.264,494.1,-1.0
Iran,Middle East,1998,91.6,103.44,112.65,12.617,1025.4,-1.0
Iran,Middle East,1999,91.11,105.76,114.34,12.977,593.0,-1.0
Iran,Middle East,2000,87.44,102.89,116.05,13.346,857.6,-1.0
Iran,Middle East,2001,88.95,99.37,117.79,13.723,786.6,-1.0
Iran,Middle East,2002,86.04,105.34,119.56,14.108,855.0,-1.0
Iran,Middle East,2003,85.59,103.47,121.36,14.502,641.1,-1.0
Iran,Middle East,2004,85.91,106.91,123.18,14.904,652.1,-1.0
Iran,Middle East,2005,85.76,104.44,125.02,15.315,681.1,-1.0
Iran,Middle East,2006,83.84,103.93,126.9,15.735,717.0,-1.0
Iran,Middle East,2007,81.2,110.43,128.8,16.165,805.3,-1.0
Iran,Middle East,2008,80.95,107.43,130.73,16.603,783.2,-1.0
Iran,Middle East,2009,80.67,108.73,132.7,17.051,913.6,-1.0
Iran,Middle East,2010,79.2,106.85,134.69,17.509,758.7,-1.0
Iran,Middle East,2011,75.55,105.47,136.71,17.977,1005.0,-1.0
Iran,Middle East,2012,80.47,108.5,138.76,18.455,886.5,-1.0
Iran,Middle East,2013,77.47,115.66,140.84,18.943,967.9,-1.0
Iran,Middle East,2014,75.81,108.09,142.95,19.441,559.0,-1.0
Iran,Middle East,2015,75.31,108.99,145.09,19.95,586.7,-1.0
Iran,Middle East,2016,73.03,108.84,147.27,20.471,1053.1,-1.0
Iran,Middle East,2017,74.32,111.48,149.48,21.002,1022.0,-1.0
Iran,Middle East,2018,72.12,110.28,151.72,21.545,1028.5,-1.0
Iran,Middle East,2019,71.81,110.43,154.0,22.099,771.4,-1.0
Iran,Middle East,2020,68.69,110.23,156.31,22.665,938.9,-1.0
Iran,Middle East,2021,71.86,110.7,158.65,23.243,884.4,-1.0
Iran,Middle East,2022,67.02,113.03,161.03,23.833,711.1,-1.0
Iran,Middle East,2023,65.7,114.6,163.45,24.435,675.4,-1.0
Saudi Arabia,Middle East,1990,100.41,119.9,100.0,10.0,764.2,-1.2
Saudi Arabia,Middle East,1991,97.44,119.35,101.5,10.302,913.3,-1.2
Saudi Arabia,Middle East,1992,98.35,119.04,103.02,10.611,814.9,-1.2
Saudi Arabia,Middle East,1993,97.53,118.16,104.57,10.927,881.5,-1.2
Saudi Arabia,Middle East,1994,94.21,123.14,106.14,11.25,685.5,-1.2
Saudi Arabia,Middle East,1995,91.29,119.24,107.73,11.581,807.2,-1.2
Saudi Arabia,Middle East,1996,93.19,121.19,109.34,11.919,895.8,-1.2
Saudi Arabia,Middle East,1997,89.11,123.37,110.98,12.264,618.3,-1.2
Saudi Arabia,Middle East,1998,89.42,124.09,112.65,12.617,670.9,-1.2
Saudi Arabia,Middle East,1999,88.62,126.51,114.34,12.977,713.5,-1.2
Saudi Arabia,Middle East,2000,89.25,122.74,116.05,13.346,879.5,-1.2
Saudi Arabia,Middle East,2001,88.96,120.56,117.79,13.723,680.5,-1.2
Saudi Arabia,Middle East,2002,86.47,125.59,119.56,14.108,855.7,-1.2
Saudi Arabia,Middle East,2003,83.49,126.67,121.36,14.502,776.6,-1.2
Saudi Arabia,Middle East,2004,84.95,127.51,123.18,14.904,850.6,-1.2
Saudi Arabia,Middle East,2005,81.38,126.52,125.02,15.315,735.1,-1.2
Saudi Arabia,Middle East,2006,81.39,127.16,126.9,15.735,843.5,-1.2
Saudi Arabia,Middle East,2007,82.71,130.24,128.8,16.165,751.1,-1.2
Saudi Arabia,Middle East,2008,80.2,128.18,130.73,16.603,494.3,-1.2
Saudi Arabia,Middle East,2009,75.69,125.76,132.7,17.051,747.3,-1.2
Saudi Arabia,Middle East,2010,76.03,133.35,134.69,17.509,849.0,-1.2
Saudi Arabia,Middle East,2011,74.47,132.16,136.71,17.977,468.3,-1.2
Saudi Arabia,Middle East,2012,73.95,132.54,138.76,18.455,578.2,-1.2
Saudi Arabia,Middle East,2013,74.12,132.18,140.84,18.943,737.7,-1.2
Saudi Arabia,Middle East,2014,72.15,136.54,142.95,19.441,827.3,-1.2
Saudi Arabia,Middle East,2015,70.37,131.58,145.09,19.95,672.5,-1.2
Saudi Arabia,Middle East,2016,70.05,131.29,147.27,20.471,810.7,-1.2
Saudi Arabia,Middle East,2017,66.88,134.46,149.48,21.002,850.0,-1.2
Saudi Arabia,Middle East,2018,67.96,132.98,151.72,21.545,759.5,-1.2
Saudi Arabia,Middle East,2019,63.73,133.61,154.0,22.099,856.6,-1.2
Saudi Arabia,Middle East,2020,65.14,133.16,156.31,22.665,930.4,-1.2
Saudi Arabia,Middle East,2021,64.83,136.33,158.65,23.243,1081.5,-1.2
Saudi Arabia,Middle East,2022,60.44,133.51,161.03,23.833,533.2,-1.2
Saudi Arabia,Middle East,2023,62.64,137.81,163.45,24.435,791.7,-1.2
Afghanistan,South Asia,1990,100.42,82.75,100.0,10.0,1166.9,-0.7
Afghanistan,South Asia,1991,99.49,85.72,101.5,10.302,908.9,-0.7
Afghanistan,South Asia,1992,99.32,86.45,103.02,10.611,681.4,-0.7
Afghanistan,South Asia,1993,98.61,90.26,104.57,10.927,1001.8,-0.7
Afghanistan,South Asia,1994,99.59,85.98,106.14,11.25,651.6,-0.7
Afghanistan,South Asia,1995,96.31,87.61,107.73,11.581,964.1,-0.7
Afghanistan,South Asia,1996,93.26,91.06,109.34,11.919,776.3,-0.7
Afghanistan,South Asia,1997,94.46,86.48,110.98,12.264,551.8,-0.7
Afghanistan,South Asia,1998,95.63,89.15,112.65,12.617,606.5,-0.7
Afghanistan,South Asia,1999,91.76,88.83,114.34,12.977,1050.4,-0.7
Afghanistan,South Asia,2000,92.61,86.99,116.05,13.346,763.1,-0.7
Afghanistan,South Asia,2001,91.89,85.11,117.79,13.723,791.9,-0.7
Afghanistan,South Asia,2002,91.25,92.39,119.56,14.108,1077.3,-0.7
Afghanistan,South Asia,2003,92.59,90.96,121.36,14.502,634.0,-0.7
Afghanistan,South Asia,2004,94.06,92.12,123.18,14.904,802.1,-0.7
Afghanistan,South Asia,2005,89.46,92.9,125.02,15.315,778.3,-0.7
Afghanistan,South Asia,2006,87.94,91.91,126.9,15.735,795.1,-0.7
Afghanistan,South Asia,2007,87.28,92.07,128.8,16.165,816.0,-0.7
Afghanistan,South Asia,2008,87.02,97.01,130.73,16.603,402.4,-0.7
Afghanistan,South Asia,2009,88.34,96.99,132.7,17.051,489.0,-0.7
Afghanistan,South Asia,2010,85.49,94.26,134.69,17.509,588.9,-0.7
Afghanistan,South Asia,2011,84.13,93.28,136.71,17.977,1062.8,-0.7
Afghanistan,South Asia,2012,86.0,98.54,138.76,18.455,908.3,-0.7
Afghanistan,South Asia,2013,82.21,95.45,140.84,18.943,873.4,-0.7
Afghanistan,South Asia,2014,81.37,98.43,142.95,19.441,764.0,-0.7
Afghanistan,South Asia,2015,81.94,98.92,145.09,19.95,866.6,-0.7
Afghanistan,South Asia,2016,81.26,100.32,147.27,20.471,637.8,-0.7
Afghanistan,South Asia,2017,82.02,99.69,149.48,21.002,753.6,-0.7
Afghanistan,South Asia,2018,80.89,96.5,151.72,21.545,938.6,-0.7
Afghanistan,South Asia,2019,79.42,98.45,154.0,22.099,957.4,-0.7
Afghanistan,South Asia,2020,77.94,97.18,156.31,22.665,566.5,-0.7
Afghanistan,South Asia,2021,79.21,97.94,158.65,23.243,1063.2,-0.7
Afghanistan,South Asia,2022,74.48,104.39,161.03,23.833,831.7,-0.7
Afghanistan,South Asia,2023,76.75,100.41,163.45,24.435,859.9,-0.7
Iraq,Middle East,1990,99.94,92.21,100.0,10.0,817.1,-0.8
Iraq,Middle East,1991,99.43,89.77,101.5,10.302,791.5,-0.8
Iraq,Middle East,1992,98.86,87.58,103.02,10.611,597.8,-0.8
Iraq,Middle East,1993,98.71,91.84,104.57,10.927,772.4,-0.8
Iraq,Middle East,1994,96.83,92.7,106.14,11.25,719.0,-0.8
Iraq,Middle East,1995,94.83,92.89,107.73,11.581,653.2,-0.8
Iraq,Middle East,1996,95.81,89.59,109.34,11.919,954.4,-0.8
Iraq,Middle East,1997,95.11,94.01,110.98,12.264,947.4,-0.8
Iraq,Middle East,1998,96.1,96.03,112.65,12.617,523.9,-0.8
Iraq,Middle East,1999,90.88,93.25,114.34,12.977,803.9,-0.8
Iraq,Middle East,2000,92.78,93.55,116.05,13.346,828.0,-0.8
Iraq,Middle East,2001,90.07,94.28,117.79,13.723,589.0,-0.8
Iraq,Middle East,2002,89.02,93.3,119.56,14.108,653.6,-0.8
Iraq,Middle East,2003,91.18,94.6,121.36,14.502,1194.9,-0.8
Iraq,Middle East,2004,89.54,97.37,123.18,14.904,671.2,-0.8
Iraq,Middle East,2005,89.05,96.35,125.02,15.315,818.3,-0.8
Iraq,Middle East,2006,91.04,97.81,126.9,15.735,972.4,-0.8
Iraq,Middle East,2007,85.35,98.43,128.8,16.165,1065.6,-0.8
Iraq,Middle East,2008,84.66,102.62,130.73,16.603,906.2,-0.8
Iraq,Middle East,2009,83.96,100.76,132.7,17.051,945.9,-0.8
Iraq,Middle East,2010,84.93,96.86,134.69,17.509,690.9,-0.8
Iraq,Middle East,2011,82.83,100.35,136.71,17.977,893.1,-0.8
Iraq,Middle East,2012,82.67,98.33,138.76,18.455,857.0,-0.8
Iraq,Middle East,2013,82.52,102.62,140.84,18.943,962.1,-0.8
Iraq,Middle East,2014,82.05,102.92,142.95,19.441,789.5,-0.8
Iraq,Middle East,2015,77.51,103.36,145.09,19.95,831.2,-0.8
Iraq,Middle East,2016,79.61,100.45,147.27,20.471,637.8,-0.8
Iraq,Middle East,2017,79.98,103.42,149.48,21.002,902.2,-0.8
Iraq,Middle East,2018,77.64,104.06,151.72,21.545,940.7,-0.8
Iraq,Middle East,2019,76.03,104.69,154.0,22.099,730.7,-0.8
Iraq,Middle East,2020,75.35,104.38,156.31,22.665,833.3,-0.8
Iraq,Middle East,2021,74.48,108.01,158.65,23.243,665.8,-0.8
Iraq,Middle East,2022,74.12,105.12,161.03,23.833,1017.0,-0.8
Iraq,Middle East,2023,73.89,108.56,163.45,24.435,577.2,-0.8
Syria,Middle East,1990,100.4,111.78,100.0,10.0,812.3,-0.7
Syria,Middle East,1991,100.9,109.47,101.5,10.302,1011.4,-0.7
Syria,Middle East,1992,102.05,110.27,103.02,10.611,733.2,-0.7
Syria,Middle East,1993,100.08,114.66,104.57,10.927,721.6,-0.7
Syria,Middle East,1994,96.57,111.44,106.14,11.25,598.3,-0.7
Syria,Middle East,1995,95.12,110.49,107.73,11.581,684.8,-0.7
Syria,Middle East,1996,95.75,113.47,109.34,11.919,1032.6,-0.7
Syria,Middle East,1997,93.6,115.47,110.98,12.264,767.9,-0.7
Syria,Middle East,1998,94.33,115.35,112.65,12.617,631.6,-0.7
Syria,Middle East,1999,94.27,114.83,114.34,12.977,873.9,-0.7
Syria,Middle East,2000,93.43,119.91,116.05,13.346,704.3,-0.7
Syria,Middle East,2001,91.5,114.25,117.79,13.723,716.7,-0.7
Syria,Middle East,2002,90.64,118.38,119.56,14.108,1013.1,-0.7
Syria,Middle East,2003,90.04,114.84,121.36,14.502,870.7,-0.7
Syria,Middle East,2004,89.37,118.27,123.18,14.904,830.4,-0.7
Syria,Middle East,2005,87.23,120.6,125.02,15.315,1069.4,-0.7
Syria,Middle East,2006,87.88,117.22,126.9,15.735,842.9,-0.7
Syria,Middle East,2007,88.6,119.82,128.8,16.165,1101.5,-0.7
Syria,Middle East,2008,87.13,117.4,130.73,16.603,593.1,-0.7
Syria,Middle East,2009,85.6,119.43,132.7,17.051,1069.2,-0.7
Syria,Middle East,2010,85.22,120.45,134.69,17.509,797.5,-0.7
Syria,Middle East,2011,87.08,125.55,136.71,17.977,720.4,-0.7
Syria,Middle East,2012,83.87,123.09,138.76,18.455,902.3,-0.7
Syria,Middle East,2013,86.67,122.67,140.84,18.943,746.1,-0.7
Syria,Middle East,2014,84.09,124.22,142.95,19.441,923.1,-0.7
Syria,Middle East,2015,83.26,124.63,145.09,19.95,975.4,-0.7
Syria,Middle East,2016,83.87,124.3,147.27,20.471,774.9,-0.7
Syria,Middle East,2017,81.32,125.91,149.48,21.002,677.5,-0.7
Syria,Middle East,2018,80.95,123.21,151.72,21.545,804.3,-0.7
Syria,Middle East,2019,81.62,124.88,154.0,22.099,807.0,-0.7
Syria,Middle East,2020,76.96,126.49,156.31,22.665,896.8,-0.7
Syria,Middle East,2021,81.54,124.88,158.65,23.243,832.9,-0.7
Syria,Middle East,2022,77.97,129.15,161.03,23.833,785.7,-0.7
Syria,Middle East,2023,77.32,127.72,163.45,24.435,828.0,-0.7
Yemen,Middle East,1990,99.33,115.39,100.0,10.0,961.0,-1.1
Yemen,Middle East,1991,97.36,115.77,101.5,10.302,695.0,-1.1
Yemen,Middle East,1992,99.59,112.95,103.02,10.611,716.2,-1.1
Yemen,Middle East,1993,97.27,119.63,104.57,10.927,790.1,-1.1
Yemen,Middle East,1994,94.77,120.76,106.14,11.25,582.8,-1.1
Yemen,Middle East,1995,91.2,118.38,107.73,11.581,724.7,-1.1
Yemen,Middle East,1996,91.87,119.42,109.34,11.919,836.6,-1.1
Yemen,Middle East,1997,91.45,115.94,110.98,12.264,930.9,-1.1
Yemen,Middle East,1998,92.18,118.8,112.65,12.617,1077.0,-1.1
Yemen,Middle East,1999,88.49,116.45,114.34,12.977,696.2,-1.1
Yemen,Middle East,2000,88.93,120.49,116.05,13.346,763.8,-1.1
Yemen,Middle East,2001,88.43,118.0,117.79,13.723,1016.6,-1.1
Yemen,Middle East,2002,86.68,123.23,119.56,14.108,851.4,-1.1
Yemen,Middle East,2003,86.39,122.64,121.36,14.502,867.2,-1.1
Yemen,Middle East,2004,85.56,124.66,123.18,14.904,829.5,-1.1
Yemen,Middle East,2005,84.56,122.32,125.02,15.315,1016.0,-1.1
Yemen,Middle East,2006,81.39,126.6,126.9,15.735,794.0,-1.1
Yemen,Middle East,2007,79.15,123.76,128.8,16.165,697.8,-1.1
Yemen,Middle East,2008,81.46,122.69,130.73,16.603,733.1,-1.1
Yemen,Middle East,2009,76.27,123.6,132.7,17.051,436.4,-1.1
Yemen,Middle East,2010,75.62,126.52,134.69,17.509,917.9,-1.1
Yemen,Middle East,2011,77.54,123.57,136.71,17.977,792.8,-1.1
Yemen,Middle East,2012,75.79,123.68,138.76,18.455,1025.5,-1.1
Yemen,Middle East,2013,76.02,126.06,140.84,18.943,804.0,-1.1
Yemen,Middle East,2014,73.91,122.92,142.95,19.441,762.9,-1.1
Yemen,Middle East,2015,71.48,125.5,145.09,19.95,757.8,-1.1
Yemen,Middle East,2016,74.1,129.28,147.27,20.471,714.3,-1.1
Yemen,Middle East,2017,71.16,131.3,149.48,21.002,938.7,-1.1
Yemen,Middle East,2018,69.29,127.71,151.72,21.545,904.7,-1.1
Yemen,Middle East,2019,68.69,131.29,154.0,22.099,895.3,-1.1
Yemen,Middle East,2020,68.57,128.93,156.31,22.665,997.6,-1.1
Yemen,Middle East,2021,66.2,134.65,158.65,23.243,696.6,-1.1
Yemen,Middle East,2022,67.4,131.4,161.03,23.833,702.3,-1.1
Yemen,Middle East,2023,62.97,130.86,163.45,24.435,863.6,-1.1
Israel,Middle East,1990,100.78,83.85,100.0,10.0,796.3,-0.6
Israel,Middle East,1991,102.61,88.96,101.5,10.302,865.4,-0.6
Israel,Middle East,1992,98.86,86.24,103.02,10.611,892.0,-0.6
Israel,Middle East,1993,96.67,85.99,104.57,10.927,549.7,-0.6
Israel,Middle East,1994,98.2,88.29,106.14,11.25,727.5,-0.6
Israel,Middle East,1995,99.36,85.05,107.73,11.581,580.3,-0.6
Israel,Middle East,1996,96.74,90.09,109.34,11.919,1052.6,-0.6
Israel,Middle East,1997,95.11,90.66,110.98,12.264,794.2,-0.6
Israel,Middle East,1998,94.94,90.77,112.65,12.617,897.8,-0.6
Israel,Middle East,1999,92.24,92.45,114.34,12.977,1007.0,-0.6
Israel,Middle East,2000,93.06,90.79,116.05,13.346,874.1,-0.6
Israel,Middle East,2001,93.79,89.4,117.79,13.723,699.3,-0.6
Israel,Middle East,2002,92.76,93.35,119.56,14.108,881.5,-0.6
Israel,Middle East,2003,91.64,93.04,121.36,14.502,372.7,-0.6
Israel,Middle East,2004,93.32,88.52,123.18,14.904,745.6,-0.6
Israel,Middle East,2005,89.32,89.91,125.02,15.315,974.1,-0.6
Israel,Middle East,2006,89.7,93.69,126.9,15.735,793.0,-0.6
Israel,Middle East,2007,90.52,93.65,128.8,16.165,607.6,-0.6
Israel,Middle East,2008,90.69,93.01,130.73,16.603,566.5,-0.6
Israel,Middle East,2009,87.96,97.5,132.7,17.051,927.5,-0.6
Israel,Middle East,2010,87.48,94.3,134.69,17.509,751.8,-0.6
Israel,Middle East,2011,90.52,96.26,136.71,17.977,864.5,-0.6
Israel,Middle East,2012,88.35,96.48,138.76,18.455,761.1,-0.6
Israel,Middle East,2013,85.91,96.36,140.84,18.943,794.4,-0.6
Israel,Middle East,2014,86.69,97.1,142.95,19.441,909.9,-0.6
Israel,Middle East,2015,84.88,97.66,145.09,19.95,500.3,-0.6
Israel,Middle East,2016,85.77,98.69,147.27,20.471,949.7,-0.6
Israel,Middle East,2017,79.46,102.68,149.48,21.002,779.1,-0.6
Israel,Middle East,2018,84.86,96.92,151.72,21.545,891.9,-0.6
Israel,Middle East,2019,81.02,98.25,154.0,22.099,1087.1,-0.6
Israel,Middle East,2020,81.71,100.43,156.31,22.665,930.5,-0.6
Israel,Middle East,2021,82.14,100.8,158.65,23.243,854.7,-0.6
Israel,Middle East,2022,84.41,100.88,161.03,23.833,830.2,-0.6
Israel,Middle East,2023,81.78,103.71,163.45,24.435,978.1,-0.6
UAE,Middle East,1990,100.96,127.71,100.0,10.0,1045.0,-1.3
UAE,Middle East,1991,96.98,131.11,101.5,10.302,686.9,-1.3
UAE,Middle East,1992,97.3,131.66,103.02,10.611,848.2,-1.3
UAE,Middle East,1993,96.73,134.73,104.57,10.927,868.0,-1.3
UAE,Middle East,1994,94.43,133.93,106.14,11.25,978.4,-1.3
UAE,Middle East,1995,91.66,133.69,107.73,11.581,905.2,-1.3
UAE,Middle East,1996,91.75,135.75,109.34,11.919,777.5,-1.3
UAE,Middle East,1997,91.09,133.15,110.98,12.264,802.3,-1.3
UAE,Middle East,1998,87.96,131.12,112.65,12.617,1039.2,-1.3
UAE,Middle East,1999,87.03,132.52,114.34,12.977,477.0,-1.3
UAE,Middle East,2000,86.04,132.35,116.05,13.346,1046.3,-1.3
UAE,Middle East,2001,87.21,134.12,117.79,13.723,1137.9,-1.3
UAE,Middle East,2002,85.87,135.35,119.56,14.108,425.1,-1.3
UAE,Middle East,2003,86.54,133.72,121.36,14.502,553.2,-1.3
UAE,Middle East,2004,83.33,141.88,123.18,14.904,1007.6,-1.3
UAE,Middle East,2005,81.35,138.69,125.02,15.315,928.0,-1.3
UAE,Middle East,2006,80.34,138.56,126.9,15.735,815.6,-1.3
UAE,Middle East,2007,77.81,136.99,128.8,16.165,757.9,-1.3
UAE,Middle East,2008,74.06,138.8,130.73,16.603,651.7,-1.3
UAE,Middle East,2009,73.64,139.86,132.7,17.051,1008.8,-1.3
UAE,Middle East,2010,75.38,136.86,134.69,17.509,651.6,-1.3
UAE,Middle East,2011,74.11,138.54,136.71,17.977,766.3,-1.3
UAE,Middle East,2012,72.23,139.06,138.76,18.455,815.8,-1.3
UAE,Middle East,2013,68.1,140.3,140.84,18.943,848.0,-1.3
UAE,Middle East,2014,66.41,142.88,142.95,19.441,797.1,-1.3
UAE,Middle East,2015,68.33,142.95,145.09,19.95,1004.6,-1.3
UAE,Middle East,2016,66.39,142.14,147.27,20.471,818.3,-1.3
UAE,Middle East,2017,65.71,143.6,149.48,21.002,806.1,-1.3
UAE,Middle East,2018,62.55,142.67,151.72,21.545,589.6,-1.3
UAE,Middle East,2019,64.92,142.01,154.0,22.099,696.1,-1.3
UAE,Middle East,2020,59.92,146.79,156.31,22.665,755.8,-1.3
UAE,Middle East,2021,61.57,144.15,158.65,23.243,841.8,-1.3
UAE,Middle East,2022,57.15,150.29,161.03,23.833,621.9,-1.3
UAE,Middle East,2023,57.56,147.77,163.45,24.435,862.1,-1.3
Japan,East Asia,1990,99.72,34.74,100.0,10.0,806.6,-0.2
Japan,East Asia,1991,99.58,37.43,101.5,10.302,1131.6,-0.2
Japan,East Asia,1992,98.76,33.26,103.02,10.611,786.8,-0.2
Japan,East Asia,1993,103.27,34.89,104.57,10.927,1045.9,-0.2
Japan,East Asia,1994,101.72,35.89,106.14,11.25,885.3,-0.2
Japan,East Asia,1995,101.44,36.74,107.73,11.581,769.5,-0.2
Japan,East Asia,1996,97.93,35.97,109.34,11.919,702.6,-0.2
Japan,East Asia,1997,96.76,38.57,110.98,12.264,684.5,-0.2
Japan,East Asia,1998,98.75,35.89,112.65,12.617,849.6,-0.2
Japan,East Asia,1999,99.45,35.51,114.34,12.977,856.1,-0.2
Japan,East Asia,2000,99.84,37.58,116.05,13.346,1050.9,-0.2
Japan,East Asia,2001,98.43,39.09,117.79,13.723,791.6,-0.2
Japan,East Asia,2002,98.44,41.15,119.56,14.108,880.8,-0.2
Japan,East Asia,2003,96.02,41.84,121.36,14.502,587.9,-0.2
Japan,East Asia,2004,97.03,40.19,123.18,14.904,689.7,-0.2
Japan,East Asia,2005,98.85,44.68,125.02,15.315,891.4,-0.2
Japan,East Asia,2006,95.16,42.37,126.9,15.735,982.0,-0.2
Japan,East Asia,2007,96.81,48.14,128.8,16.165,859.0,-0.2
Japan,East Asia,2008,96.69,43.38,130.73,16.603,820.0,-0.2
Japan,East Asia,2009,95.97,45.92,132.7,17.051,943.5,-0.2
Japan,East Asia,2010,94.82,42.34,134.69,17.509,524.6,-0.2
Japan,East Asia,2011,96.56,43.29,136.71,17.977,477.1,-0.2
Japan,East Asia,2012,96.18,50.99,138.76,18.455,799.1,-0.2
Japan,East Asia,2013,96.66,46.66,140.84,18.943,785.2,-0.2
Japan,East Asia,2014,96.58,46.42,142.95,19.441,840.1,-0.2
Japan,East Asia,2015,95.48,46.16,145.09,19.95,948.8,-0.2
Japan,East Asia,2016,94.54,46.49,147.27,20.471,880.5,-0.2
Japan,East Asia,2017,93.25,48.56,149.48,21.002,798.6,-0.2
Japan,East Asia,2018,96.03,49.95,151.72,21.545,796.2,-0.2
Japan,East Asia,2019,95.43,52.28,154.0,22.099,883.7,-0.2
Japan,East Asia,2020,94.02,47.38,156.31,22.665,640.2,-0.2
Japan,East Asia,2021,93.34,49.28,158.65,23.243,772.0,-0.2
Japan,East Asia,2022,93.68,52.06,161.03,23.833,789.4,-0.2
Japan,East Asia,2023,94.13,51.63,163.45,24.435,503.7,-0.2
South Korea,East Asia,1990,98.59,41.71,100.0,10.0,618.5,-0.3
South Korea,East Asia,1991,100.6,45.56,101.5,10.302,982.8,-0.3
South Korea,East Asia,1992,99.08,45.98,103.02,10.611,822.3,-0.3
South Korea,East Asia,1993,98.59,42.27,104.57,10.927,754.6,-0.3
South Korea,East Asia,1994,98.22,44.34,106.14,11.25,824.1,-0.3
South Korea,East Asia,1995,98.5,45.37,107.73,11.581,978.6,-0.3
South Korea,East Asia,1996,99.62,42.03,109.34,11.919,416.9,-0.3
South Korea,East Asia,1997,99.3,42.77,110.98,12.264,766.3,-0.3
South Korea,East Asia,1998,95.84,42.4,112.65,12.617,881.2,-0.3
South Korea,East Asia,1999,98.44,45.35,114.34,12.977,411.3,-0.3
South Korea,East Asia,2000,96.18,47.78,116.05,13.346,578.2,-0.3
South Korea,East Asia,2001,96.98,47.47,117.79,13.723,886.9,-0.3
South Korea,East Asia,2002,96.58,46.05,119.56,14.108,979.5,-0.3
South Korea,East Asia,2003,95.86,48.45,121.36,14.502,660.0,-0.3
South Korea,East Asia,2004,95.14,47.23,123.18,14.904,774.1,-0.3
South Korea,East Asia,2005,98.07,46.76,125.02,15.315,558.0,-0.3
South Korea,East Asia,2006,97.41,49.58,126.9,15.735,699.6,-0.3
South Korea,East Asia,2007,96.46,49.29,128.8,16.165,1073.9,-0.3
South Korea,East Asia,2008,95.62,50.02,130.73,16.603,1123.6,-0.3
South Korea,East Asia,2009,93.39,52.98,132.7,17.051,844.9,-0.3
South Korea,East Asia,2010,95.95,55.12,134.69,17.509,804.8,-0.3
South Korea,East Asia,2011,92.57,53.42,136.71,17.977,698.3,-0.3
South Korea,East Asia,2012,96.42,53.27,138.76,18.455,745.2,-0.3
South Korea,East Asia,2013,93.38,50.81,140.84,18.943,654.3,-0.3
South Korea,East Asia,2014,94.6,52.69,142.95,19.441,643.0,-0.3
South Korea,East Asia,2015,93.3,56.87,145.09,19.95,907.8,-0.3
South Korea,East Asia,2016,93.69,53.49,147.27,20.471,586.7,-0.3
South Korea,East Asia,2017,94.15,54.85,149.48,21.002,762.4,-0.3
South Korea,East Asia,2018,93.59,57.11,151.72,21.545,868.4,-0.3
South Korea,East Asia,2019,94.55,55.21,154.0,22.099,939.2,-0.3
South Korea,East Asia,2020,91.09,57.54,156.31,22.665,1029.3,-0.3
South Korea,East Asia,2021,91.46,58.58,158.65,23.243,960.9,-0.3
South Korea,East Asia,2022,89.85,56.32,161.03,23.833,643.3,-0.3
South Korea,East Asia,2023,87.15,62.61,163.45,24.435,634.5,-0.3
Indonesia,Southeast Asia,1990,99.67,24.45,100.0,10.0,846.1,-0.4
Indonesia,Southeast Asia,1991,100.82,27.22,101.5,10.302,712.5,-0.4
Indonesia,Southeast Asia,1992,98.95,26.57,103.02,10.611,762.7,-0.4
Indonesia,Southeast Asia,1993,101.21,27.48,104.57,10.927,910.2,-0.4
Indonesia,Southeast Asia,1994,99.39,29.35,106.14,11.25,827.2,-0.4
Indonesia,Southeast Asia,1995,96.05,28.3,107.73,11.581,702.3,-0.4
Indonesia,Southeast Asia,1996,96.81,29.17,109.34,11.919,985.7,-0.4
Indonesia,Southeast Asia,1997,97.23,29.12,110.98,12.264,1055.3,-0.4
Indonesia,Southeast Asia,1998,97.16,34.2,112.65,12.617,884.8,-0.4
Indonesia,Southeast Asia,1999,93.76,31.01,114.34,12.977,857.2,-0.4
Indonesia,Southeast Asia,2000,97.93,31.35,116.05,13.346,779.2,-0.4
Indonesia,Southeast Asia,2001,93.76,30.08,117.79,13.723,672.4,-0.4
Indonesia,Southeast Asia,2002,94.33,32.18,119.56,14.108,1050.5,-0.4
Indonesia,Southeast Asia,2003,95.39,29.11,121.36,14.502,866.7,-0.4
Indonesia,Southeast Asia,2004,96.19,30.78,123.18,14.904,779.9,-0.4
Indonesia,Southeast Asia,2005,94.02,30.93,125.02,15.315,897.2,-0.4
Indonesia,Southeast Asia,2006,93.42,33.84,126.9,15.735,666.9,-0.4
Indonesia,Southeast Asia,2007,92.54,34.94,128.8,16.165,744.1,-0.4
Indonesia,Southeast Asia,2008,95.39,33.2,130.73,16.603,833.7,-0.4
Indonesia,Southeast Asia,2009,93.8,31.66,132.7,17.051,535.9,-0.4
Indonesia,Southeast Asia,2010,89.71,37.53,134.69,17.509,717.2,-0.4
Indonesia,Southeast Asia,2011,95.44,34.37,136.71,17.977,827.7,-0.4
Indonesia,Southeast Asia,2012,93.51,40.01,138.76,18.455,1109.2,-0.4
Indonesia,Southeast Asia,2013,92.61,38.55,140.84,18.943,888.9,-0.4
Indonesia,Southeast Asia,2014,91.57,35.9,142.95,19.441,677.3,-0.4
Indonesia,Southeast Asia,2015,89.99,37.16,145.09,19.95,732.0,-0.4
Indonesia,Southeast Asia,2016,90.64,39.91,147.27,20.471,813.3,-0.4
Indonesia,Southeast Asia,2017,91.42,36.22,149.48,21.002,771.0,-0.4
Indonesia,Southeast Asia,2018,87.72,35.27,151.72,21.545,787.6,-0.4
Indonesia,Southeast Asia,2019,88.22,42.53,154.0,22.099,894.6,-0.4
Indonesia,Southeast Asia,2020,86.46,43.71,156.31,22.665,983.2,-0.4
Indonesia,Southeast Asia,2021,88.47,40.05,158.65,23.243,656.1,-0.4
Indonesia,Southeast Asia,2022,86.64,43.18,161.03,23.833,1082.7,-0.4
Indonesia,Southeast Asia,2023,89.11,40.52,163.45,24.435,632.1,-0.4
Thailand,Southeast Asia,1990,100.21,26.46,100.0,10.0,848.5,-0.4
Thailand,Southeast Asia,1991,99.38,29.57,101.5,10.302,560.8,-0.4
Thailand,Southeast Asia,1992,99.97,29.93,103.02,10.611,624.5,-0.4
Thailand,Southeast Asia,1993,94.49,31.44,104.57,10.927,1065.8,-0.4
Thailand,Southeast Asia,1994,100.89,31.09,106.14,11.25,709.7,-0.4
Thailand,Southeast Asia,1995,98.7,30.5,107.73,11.581,845.3,-0.4
Thailand,Southeast Asia,1996,98.75,35.45,109.34,11.919,785.0,-0.4
Thailand,Southeast Asia,1997,96.89,31.74,110.98,12.264,676.0,-0.4
Thailand,Southeast Asia,1998,96.46,34.73,112.65,12.617,937.0,-0.4
Thailand,Southeast Asia,1999,95.2,37.49,114.34,12.977,759.3,-0.4
Thailand,Southeast Asia,2000,95.97,33.51,116.05,13.346,436.4,-0.4
Thailand,Southeast Asia,2001,96.93,36.97,117.79,13.723,757.8,-0.4
Thailand,Southeast Asia,2002,95.3,37.03,119.56,14.108,565.6,-0.4
Thailand,Southeast Asia,2003,94.01,38.09,121.36,14.502,611.9,-0.4
Thailand,Southeast Asia,2004,94.84,34.29,123.18,14.904,870.0,-0.4
Thailand,Southeast Asia,2005,93.95,34.27,125.02,15.315,974.7,-0.4
Thailand,Southeast Asia,2006,92.5,36.38,126.9,15.735,830.1,-0.4
Thailand,Southeast Asia,2007,94.92,36.47,128.8,16.165,809.3,-0.4
Thailand,Southeast Asia,2008,93.44,40.39,130.73,16.603,826.5,-0.4
Thailand,Southeast Asia,2009,91.85,37.84,132.7,17.051,812.9,-0.4
Thailand,Southeast Asia,2010,90.39,34.16,134.69,17.509,865.5,-0.4
Thailand,Southeast Asia,2011,92.96,35.77,136.71,17.977,648.5,-0.4
Thailand,Southeast Asia,2012,92.13,45.11,138.76,18.455,803.1,-0.4
Thailand,Southeast Asia,2013,89.71,41.13,140.84,18.943,1006.2,-0.4
Thailand,Southeast Asia,2014,89.43,40.4,142.95,19.441,727.6,-0.4
Thailand,Southeast Asia,2015,88.57,42.75,145.09,19.95,1043.7,-0.4
Thailand,Southeast Asia,2016,90.08,42.5,147.27,20.471,756.2,-0.4
Thailand,Southeast Asia,2017,86.86,45.27,149.48,21.002,788.3,-0.4
Thailand,Southeast Asia,2018,88.53,50.39,151.72,21.545,844.8,-0.4
Thailand,Southeast Asia,2019,87.27,43.65,154.0,22.099,972.3,-0.4
Thailand,Southeast Asia,2020,88.17,42.12,156.31,22.665,937.9,-0.4
Thailand,Southeast Asia,2021,86.6,49.25,158.65,23.243,962.0,-0.4
Thailand,Southeast Asia,2022,86.53,48.56,161.03,23.833,810.2,-0.4
Thailand,Southeast Asia,2023,88.08,47.47,163.45,24.435,673.0,-0.4
Vietnam,Southeast Asia,1990,99.03,30.06,100.0,10.0,749.8,-0.3
Vietnam,Southeast Asia,1991,99.09,26.59,101.5,10.302,863.5,-0.3
Vietnam,Southeast Asia,1992,102.49,26.86,103.02,10.611,803.6,-0.3
Vietnam,Southeast Asia,1993,101.22,29.34,104.57,10.927,867.9,-0.3
Vietnam,Southeast Asia,1994,97.21,30.86,106.14,11.25,771.9,-0.3
Vietnam,Southeast Asia,1995,99.98,32.87,107.73,11.581,1188.4,-0.3
Vietnam,Southeast Asia,1996,99.07,31.65,109.34,11.919,829.2,-0.3
Vietnam,Southeast Asia,1997,97.37,32.18,110.98,12.264,755.7,-0.3
Vietnam,Southeast Asia,1998,97.85,34.64,112.65,12.617,649.0,-0.3
Vietnam,Southeast Asia,1999,99.01,35.13,114.34,12.977,782.3,-0.3
Vietnam,Southeast Asia,2000,93.82,31.78,116.05,13.346,994.5,-0.3
Vietnam,Southeast Asia,2001,96.67,31.5,117.79,13.723,724.3,-0.3
Vietnam,Southeast Asia,2002,97.66,35.09,119.56,14.108,764.2,-0.3
Vietnam,Southeast Asia,2003,95.55,33.72,121.36,14.502,661.6,-0.3
Vietnam,Southeast Asia,2004,98.22,34.36,123.18,14.904,982.6,-0.3
Vietnam,Southeast Asia,2005,97.78,37.5,125.02,15.315,735.3,-0.3
Vietnam,Southeast Asia,2006,95.81,35.95,126.9,15.735,664.4,-0.3
Vietnam,Southeast Asia,2007,95.39,34.14,128.8,16.165,978.2,-0.3
Vietnam,Southeast Asia,2008,93.9,37.4,130.73,16.603,842.5,-0.3
Vietnam,Southeast Asia,2009,93.91,38.67,132.7,17.051,728.8,-0.3
Vietnam,Southeast Asia,2010,95.31,35.31,134.69,17.509,819.0,-0.3
Vietnam,Southeast Asia,2011,96.61,36.5,136.71,17.977,698.3,-0.3
Vietnam,Southeast Asia,2012,94.17,39.36,138.76,18.455,852.6,-0.3
Vietnam,Southeast Asia,2013,93.83,40.77,140.84,18.943,966.5,-0.3
Vietnam,Southeast Asia,2014,93.41,39.52,142.95,19.441,900.9,-0.3
Vietnam,Southeast Asia,2015,95.35,40.23,145.09,19.95,653.8,-0.3
Vietnam,Southeast Asia,2016,93.86,40.76,147.27,20.471,474.1,-0.3
Vietnam,Southeast Asia,2017,93.17,40.43,149.48,21.002,786.4,-0.3
Vietnam,Southeast Asia,2018,92.1,42.38,151.72,21.545,906.4,-0.3
Vietnam,Southeast Asia,2019,90.65,43.53,154.0,22.099,761.1,-0.3
Vietnam,Southeast Asia,2020,92.11,44.23,156.31,22.665,659.7,-0.3
Vietnam,Southeast Asia,2021,92.33,42.43,158.65,23.243,921.2,-0.3
Vietnam,Southeast Asia,2022,90.95,47.68,161.03,23.833,766.5,-0.3
Vietnam,Southeast Asia,2023,89.58,44.46,163.45,24.435,754.5,-0.3
Myanmar,Southeast Asia,1990,101.2,16.77,100.0,10.0,641.9,-0.2
Myanmar,Southeast Asia,1991,98.2,22.4,101.5,10.302,1056.6,-0.2
Myanmar,Southeast Asia,1992,99.44,20.66,103.02,10.611,810.5,-0.2
Myanmar,Southeast Asia,1993,101.14,19.65,104.57,10.927,835.8,-0.2
Myanmar,Southeast Asia,1994,100.66,23.0,106.14,11.25,828.4,-0.2
Myanmar,Southeast Asia,1995,100.5,17.09,107.73,11.581,901.7,-0.2
Myanmar,Southeast Asia,1996,97.82,19.34,109.34,11.919,876.7,-0.2
Myanmar,Southeast Asia,1997,100.66,23.23,110.98,12.264,942.9,-0.2
Myanmar,Southeast Asia,1998,100.82,26.63,112.65,12.617,1046.0,-0.2
Myanmar,Southeast Asia,1999,99.31,24.65,114.34,12.977,559.7,-0.2
Myanmar,Southeast Asia,2000,97.63,23.31,116.05,13.346,1125.6,-0.2
Myanmar,Southeast Asia,2001,97.54,25.75,117.79,13.723,882.7,-0.2
Myanmar,Southeast Asia,2002,97.67,29.39,119.56,14.108,706.6,-0.2
Myanmar,Southeast Asia,2003,97.69,25.02,121.36,14.502,602.0,-0.2
Myanmar,Southeast Asia,2004,96.28,26.93,123.18,14.904,735.6,-0.2
Myanmar,Southeast Asia,2005,95.96,24.69,125.02,15.315,787.5,-0.2
Myanmar,Southeast Asia,2006,94.54,29.52,126.9,15.735,812.4,-0.2
Myanmar,Southeast Asia,2007,94.41,27.88,128.8,16.165,687.2,-0.2
Myanmar,Southeast Asia,2008,96.88,31.68,130.73,16.603,518.7,-0.2
Myanmar,Southeast Asia,2009,96.37,29.18,132.7,17.051,900.7,-0.2
Myanmar,Southeast Asia,2010,96.32,28.5,134.69,17.509,752.1,-0.2
Myanmar,Southeast Asia,2011,94.61,32.65,136.71,17.977,803.2,-0.2
Myanmar,Southeast Asia,2012,98.45,30.88,138.76,18.455,693.7,-0.2
Myanmar,Southeast Asia,2013,93.13,27.89,140.84,18.943,562.4,-0.2
Myanmar,Southeast Asia,2014,95.6,33.02,142.95,19.441,562.8,-0.2
Myanmar,Southeast Asia,2015,96.34,31.53,145.09,19.95,822.0,-0.2
Myanmar,Southeast Asia,2016,97.22,34.79,147.27,20.471,759.7,-0.2
Myanmar,Southeast Asia,2017,93.26,29.2,149.48,21.002,692.1,-0.2
Myanmar,Southeast Asia,2018,94.08,32.03,151.72,21.545,780.3,-0.2
Myanmar,Southeast Asia,2019,94.32,34.05,154.0,22.099,702.5,-0.2
Myanmar,Southeast Asia,2020,94.25,35.88,156.31,22.665,636.4,-0.2
Myanmar,Southeast Asia,2021,95.92,35.3,158.65,23.243,802.8,-0.2
Myanmar,Southeast Asia,2022,94.66,36.47,161.03,23.833,943.0,-0.2
Myanmar,Southeast Asia,2023,93.83,35.28,163.45,24.435,854.2,-0.2
Egypt,North Africa,1990,98.28,115.22,100.0,10.0,795.0,-0.7
Egypt,North Africa,1991,98.99,115.24,101.5,10.302,517.7,-0.7
Egypt,North Africa,1992,97.78,116.19,103.02,10.611,824.0,-0.7
Egypt,North Africa,1993,96.36,119.03,104.57,10.927,670.1,-0.7
Egypt,North Africa,1994,98.65,117.85,106.14,11.25,703.1,-0.7
Egypt,North Africa,1995,99.16,115.11,107.73,11.581,937.9,-0.7
Egypt,North Africa,1996,97.3,116.66,109.34,11.919,1008.9,-0.7
Egypt,North Africa,1997,94.72,119.08,110.98,12.264,839.0,-0.7
Egypt,North Africa,1998,94.2,120.62,112.65,12.617,919.0,-0.7
Egypt,North Africa,1999,91.08,122.11,114.34,12.977,550.6,-0.7
Egypt,North Africa,2000,94.55,122.25,116.05,13.346,636.4,-0.7
Egypt,North Africa,2001,91.68,118.29,117.79,13.723,767.8,-0.7
Egypt,North Africa,2002,91.14,122.56,119.56,14.108,996.5,-0.7
Egypt,North Africa,2003,92.99,120.38,121.36,14.502,768.6,-0.7
Egypt,North Africa,2004,87.67,120.39,123.18,14.904,944.7,-0.7
Egypt,North Africa,2005,91.92,120.03,125.02,15.315,711.1,-0.7
Egypt,North Africa,2006,88.76,123.56,126.9,15.735,678.6,-0.7
Egypt,North Africa,2007,88.74,122.55,128.8,16.165,797.8,-0.7
Egypt,North Africa,2008,88.22,124.01,130.73,16.603,734.5,-0.7
Egypt,North Africa,2009,86.54,124.32,132.7,17.051,744.5,-0.7
Egypt,North Africa,2010,85.61,128.2,134.69,17.509,884.1,-0.7
Egypt,North Africa,2011,84.86,126.89,136.71,17.977,749.9,-0.7
Egypt,North Africa,2012,86.36,126.74,138.76,18.455,783.9,-0.7
Egypt,North Africa,2013,84.57,123.36,140.84,18.943,631.0,-0.7
Egypt,North Africa,2014,81.41,127.29,142.95,19.441,1059.9,-0.7
Egypt,North Africa,2015,85.85,128.78,145.09,19.95,875.1,-0.7
Egypt,North Africa,2016,79.1,126.91,147.27,20.471,681.8,-0.7
Egypt,North Africa,2017,80.17,128.16,149.48,21.002,729.2,-0.7
Egypt,North Africa,2018,77.43,130.5,151.72,21.545,639.1,-0.7
Egypt,North Africa,2019,80.06,133.65,154.0,22.099,662.1,-0.7
Egypt,North Africa,2020,75.2,129.43,156.31,22.665,965.1,-0.7
Egypt,North Africa,2021,81.24,128.04,158.65,23.243,874.5,-0.7
Egypt,North Africa,2022,76.9,130.79,161.03,23.833,1196.7,-0.7
Egypt,North Africa,2023,74.65,132.01,163.45,24.435,870.2,-0.7
Libya,North Africa,1990,101.63,105.2,100.0,10.0,846.2,-0.9
Libya,North Africa,1991,98.51,106.04,101.5,10.302,748.5,-0.9
Libya,North Africa,1992,99.13,105.26,103.02,10.611,856.6,-0.9
Libya,North Africa,1993,97.26,108.75,104.57,10.927,792.3,-0.9
Libya,North Africa,1994,93.74,109.52,106.14,11.25,664.1,-0.9
Libya,North Africa,1995,94.52,106.31,107.73,11.581,1006.2,-0.9
Libya,North Africa,1996,91.4,114.28,109.34,11.919,958.4,-0.9
Libya,North Africa,1997,94.03,108.39,110.98,12.264,842.8,-0.9
Libya,North Africa,1998,93.58,110.29,112.65,12.617,883.3,-0.9
Libya,North Africa,1999,92.03,109.11,114.34,12.977,777.3,-0.9
Libya,North Africa,2000,90.71,112.27,116.05,13.346,889.0,-0.9
Libya,North Africa,2001,85.69,111.81,117.79,13.723,829.2,-0.9
Libya,North Africa,2002,89.17,110.22,119.56,14.108,968.6,-0.9
Libya,North Africa,2003,89.72,109.95,121.36,14.502,861.1,-0.9
Libya,North Africa,2004,85.94,109.24,123.18,14.904,706.0,-0.9
Libya,North Africa,2005,87.79,114.41,125.02,15.315,877.0,-0.9
Libya,North Africa,2006,86.69,114.03,126.9,15.735,703.8,-0.9
Libya,North Africa,2007,85.35,115.1,128.8,16.165,913.1,-0.9
Libya,North Africa,2008,85.58,115.42,130.73,16.603,852.7,-0.9
Libya,North Africa,2009,84.51,114.45,132.7,17.051,667.7,-0.9
Libya,North Africa,2010,81.76,113.51,134.69,17.509,698.7,-0.9
Libya,North Africa,2011,80.88,113.92,136.71,17.977,753.8,-0.9
Libya,North Africa,2012,77.36,116.43,138.76,18.455,800.2,-0.9
Libya,North Africa,2013,78.07,117.82,140.84,18.943,940.6,-0.9
Libya,North Africa,2014,75.99,115.47,142.95,19.441,684.6,-0.9
Libya,North Africa,2015,76.09,119.16,145.09,19.95,770.9,-0.9
Libya,North Africa,2016,76.2,113.99,147.27,20.471,895.3,-0.9
Libya,North Africa,2017,73.84,118.62,149.48,21.002,841.6,-0.9
Libya,North Africa,2018,76.84,116.38,151.72,21.545,347.1,-0.9
Libya,North Africa,2019,74.18,123.1,154.0,22.099,985.8,-0.9
Libya,North Africa,2020,73.31,119.02,156.31,22.665,921.1,-0.9
Libya,North Africa,2021,70.64,121.45,158.65,23.243,875.8,-0.9
Libya,North Africa,2022,72.79,126.52,161.03,23.833,858.9,-0.9
Libya,North Africa,2023,69.54,121.45,163.45,24.435,534.6,-0.9
Algeria,North Africa,1990,98.96,74.18,100.0,10.0,721.4,-0.6
Algeria,North Africa,1991,99.63,73.86,101.5,10.302,968.2,-0.6
Algeria,North Africa,1992,98.8,75.98,103.02,10.611,750.8,-0.6
Algeria,North Africa,1993,98.43,78.15,104.57,10.927,669.9,-0.6
Algeria,North Africa,1994,96.61,76.39,106.14,11.25,598.1,-0.6
Algeria,North Africa,1995,95.77,76.55,107.73,11.581,931.2,-0.6
Algeria,North Africa,1996,96.79,78.39,109.34,11.919,927.6,-0.6
Algeria,North Africa,1997,95.59,79.28,110.98,12.264,784.5,-0.6
Algeria,North Africa,1998,95.6,77.83,112.65,12.617,434.2,-0.6
Algeria,North Africa,1999,94.4,82.35,114.34,12.977,938.9,-0.6
Algeria,North Africa,2000,95.45,82.47,116.05,13.346,813.3,-0.6
Algeria,North Africa,2001,93.7,79.26,117.79,13.723,752.6,-0.6
Algeria,North Africa,2002,93.72,83.41,119.56,14.108,779.1,-0.6
Algeria,North Africa,2003,91.52,81.5,121.36,14.502,890.2,-0.6
Algeria,North Africa,2004,89.43,77.41,123.18,14.904,717.4,-0.6
Algeria,North Africa,2005,89.17,81.48,125.02,15.315,777.8,-0.6
Algeria,North Africa,2006,89.72,85.9,126.9,15.735,849.0,-0.6
Algeria,North Africa,2007,90.25,84.74,128.8,16.165,629.2,-0.6
Algeria,North Africa,2008,90.76,83.85,130.73,16.603,900.6,-0.6
Algeria,North Africa,2009,86.99,81.39,132.7,17.051,922.7,-0.6
Algeria,North Africa,2010,88.56,83.2,134.69,17.509,669.6,-0.6
Algeria,North Africa,2011,89.09,83.12,136.71,17.977,1046.4,-0.6
Algeria,North Africa,2012,85.45,87.28,138.76,18.455,750.7,-0.6
Algeria,North Africa,2013,87.1,85.41,140.84,18.943,775.6,-0.6
Algeria,North Africa,2014,85.66,85.0,142.95,19.441,911.1,-0.6
Algeria,North Africa,2015,84.23,87.04,145.09,19.95,650.8,-0.6
Algeria,North Africa,2016,80.56,87.62,147.27,20.471,1161.9,-0.6
Algeria,North Africa,2017,84.98,88.46,149.48,21.002,760.6,-0.6
Algeria,North Africa,2018,83.23,90.09,151.72,21.545,622.9,-0.6
Algeria,North Africa,2019,84.27,90.93,154.0,22.099,907.7,-0.6
Algeria,North Africa,2020,82.66,90.04,156.31,22.665,900.9,-0.6
Algeria,North Africa,2021,82.29,89.79,158.65,23.243,714.0,-0.6
Algeria,North Africa,2022,80.95,94.1,161.03,23.833,614.1,-0.6
Algeria,North Africa,2023,78.0,91.83,163.45,24.435,807.6,-0.6
Morocco,North Africa,1990,100.26,80.49,100.0,10.0,766.5,-0.5
Morocco,North Africa,1991,101.73,77.3,101.5,10.302,675.7,-0.5
Morocco,North Africa,1992,98.85,77.71,103.02,10.611,773.6,-0.5
Morocco,North Africa,1993,100.99,81.54,104.57,10.927,834.6,-0.5
Morocco,North Africa,1994,96.11,80.77,106.14,11.25,743.7,-0.5
Morocco,North Africa,1995,97.02,85.06,107.73,11.581,883.7,-0.5
Morocco,North Africa,1996,95.33,83.49,109.34,11.919,874.7,-0.5
Morocco,North Africa,1997,98.21,86.66,110.98,12.264,647.7,-0.5
Morocco,North Africa,1998,94.78,81.48,112.65,12.617,764.9,-0.5
Morocco,North Africa,1999,96.2,86.47,114.34,12.977,788.6,-0.5
Morocco,North Africa,2000,94.52,85.3,116.05,13.346,674.7,-0.5
Morocco,North Africa,2001,97.63,82.28,117.79,13.723,827.7,-0.5
Morocco,North Africa,2002,97.04,86.01,119.56,14.108,771.5,-0.5
Morocco,North Africa,2003,92.96,86.14,121.36,14.502,1005.9,-0.5
Morocco,North Africa,2004,89.68,90.07,123.18,14.904,586.4,-0.5
Morocco,North Africa,2005,92.1,86.64,125.02,15.315,888.3,-0.5
Morocco,North Africa,2006,89.6,88.92,126.9,15.735,1103.6,-0.5
Morocco,North Africa,2007,89.46,88.88,128.8,16.165,700.7,-0.5
Morocco,North Africa,2008,91.64,89.04,130.73,16.603,703.8,-0.5
Morocco,North Africa,2009,91.23,93.11,132.7,17.051,771.4,-0.5
Morocco,North Africa,2010,91.08,87.41,134.69,17.509,656.5,-0.5
Morocco,North Africa,2011,90.21,93.47,136.71,17.977,853.3,-0.5
Morocco,North Africa,2012,88.53,91.0,138.76,18.455,612.4,-0.5
Morocco,North Africa,2013,89.41,93.26,140.84,18.943,732.2,-0.5
Morocco,North Africa,2014,87.29,92.53,142.95,19.441,734.5,-0.5
Morocco,North Africa,2015,87.4,96.7,145.09,19.95,762.9,-0.5
Morocco,North Africa,2016,86.46,91.7,147.27,20.471,911.6,-0.5
Morocco,North Africa,2017,86.23,92.2,149.48,21.002,998.2,-0.5
Morocco,North Africa,2018,88.13,92.8,151.72,21.545,520.0,-0.5
Morocco,North Africa,2019,87.01,93.13,154.0,22.099,918.6,-0.5
Morocco,North Africa,2020,82.04,96.79,156.31,22.665,618.3,-0.5
Morocco,North Africa,2021,85.6,95.53,158.65,23.243,656.9,-0.5
Morocco,North Africa,2022,83.39,97.37,161.03,23.833,815.9,-0.5
Morocco,North Africa,2023,84.38,100.45,163.45,24.435,565.4,-0.5
South Africa,Sub-Saharan Africa,1990,102.43,45.21,100.0,10.0,665.2,-0.4
South Africa,Sub-Saharan Africa,1991,97.6,45.12,101.5,10.302,938.2,-0.4
South Africa,Sub-Saharan Africa,1992,99.01,49.02,103.02,10.611,582.3,-0.4
South Africa,Sub-Saharan Africa,1993,98.78,44.0,104.57,10.927,854.5,-0.4
South Africa,Sub-Saharan Africa,1994,99.73,46.16,106.14,11.25,409.4,-0.4
South Africa,Sub-Saharan Africa,1995,98.3,48.37,107.73,11.581,860.6,-0.4
South Africa,Sub-Saharan Africa,1996,99.45,45.86,109.34,11.919,902.0,-0.4
South Africa,Sub-Saharan Africa,1997,98.99,44.94,110.98,12.264,847.9,-0.4
South Africa,Sub-Saharan Africa,1998,96.04,48.84,112.65,12.617,852.2,-0.4
South Africa,Sub-Saharan Africa,1999,95.67,48.15,114.34,12.977,805.1,-0.4
South Africa,Sub-Saharan Africa,2000,94.37,47.83,116.05,13.346,901.9,-0.4
South Africa,Sub-Saharan Africa,2001,93.88,51.83,117.79,13.723,869.4,-0.4
South Africa,Sub-Saharan Africa,2002,92.61,49.64,119.56,14.108,979.1,-0.4
South Africa,Sub-Saharan Africa,2003,93.33,50.57,121.36,14.502,869.3,-0.4
South Africa,Sub-Saharan Africa,2004,95.58,51.5,123.18,14.904,710.4,-0.4
South Africa,Sub-Saharan Africa,2005,96.13,55.98,125.02,15.315,946.8,-0.4
South Africa,Sub-Saharan Africa,2006,93.73,51.38,126.9,15.735,675.4,-0.4
South Africa,Sub-Saharan Africa,2007,93.98,54.34,128.8,16.165,1010.2,-0.4
South Africa,Sub-Saharan Africa,2008,93.78,50.99,130.73,16.603,957.8,-0.4
South Africa,Sub-Saharan Africa,2009,90.9,53.73,132.7,17.051,837.5,-0.4
South Africa,Sub-Saharan Africa,2010,94.99,61.22,134.69,17.509,891.0,-0.4
South Africa,Sub-Saharan Africa,2011,91.33,56.57,136.71,17.977,933.1,-0.4
South Africa,Sub-Saharan Africa,2012,90.72,59.59,138.76,18.455,834.5,-0.4
South Africa,Sub-Saharan Africa,2013,91.55,57.83,140.84,18.943,863.2,-0.4
South Africa,Sub-Saharan Africa,2014,91.66,55.77,142.95,19.441,716.3,-0.4
South Africa,Sub-Saharan Africa,2015,88.35,58.38,145.09,19.95,916.8,-0.4
South Africa,Sub-Saharan Africa,2016,90.29,61.35,147.27,20.471,799.2,-0.4
South Africa,Sub-Saharan Africa,2017,90.2,56.32,149.48,21.002,741.9,-0.4
South Africa,Sub-Saharan Africa,2018,89.84,60.7,151.72,21.545,755.9,-0.4
South Africa,Sub-Saharan Africa,2019,88.29,56.46,154.0,22.099,746.4,-0.4
South Africa,Sub-Saharan Africa,2020,89.34,61.15,156.31,22.665,875.1,-0.4
South Africa,Sub-Saharan Africa,2021,87.67,60.51,158.65,23.243,701.0,-0.4
South Africa,Sub-Saharan Africa,2022,88.25,61.84,161.03,23.833,873.8,-0.4
South Africa,Sub-Saharan Africa,2023,86.01,57.19,163.45,24.435,964.6,-0.4
USA,North America,1990,99.28,36.27,100.0,10.0,904.0,-0.5
USA,North America,1991,98.91,40.62,101.5,10.302,892.6,-0.5
USA,North America,1992,100.03,36.27,103.02,10.611,981.8,-0.5
USA,North America,1993,98.89,38.76,104.57,10.927,821.5,-0.5
USA,North America,1994,95.34,40.82,106.14,11.25,645.6,-0.5
USA,North America,1995,95.47,37.46,107.73,11.581,966.9,-0.5
USA,North America,1996,96.06,44.07,109.34,11.919,719.6,-0.5
USA,North America,1997,93.94,39.27,110.98,12.264,985.4,-0.5
USA,North America,1998,95.77,40.9,112.65,12.617,824.0,-0.5
USA,North America,1999,96.25,44.73,114.34,12.977,1017.3,-0.5
USA,North America,2000,94.46,40.35,116.05,13.346,738.0,-0.5
USA,North America,2001,94.89,41.57,117.79,13.723,656.4,-0.5
USA,North America,2002,94.52,43.9,119.56,14.108,804.9,-0.5
USA,North America,2003,92.36,44.04,121.36,14.502,661.4,-0.5
USA,North America,2004,94.34,47.07,123.18,14.904,523.1,-0.5
USA,North America,2005,91.11,42.51,125.02,15.315,702.5,-0.5
USA,North America,2006,91.87,43.1,126.9,15.735,661.7,-0.5
USA,North America,2007,89.99,46.91,128.8,16.165,810.4,-0.5
USA,North America,2008,89.92,47.35,130.73,16.603,718.0,-0.5
USA,North America,2009,90.09,50.85,132.7,17.051,1001.1,-0.5
USA,North America,2010,88.05,49.66,134.69,17.509,921.7,-0.5
USA,North America,2011,87.78,50.14,136.71,17.977,1030.7,-0.5
USA,North America,2012,87.32,47.16,138.76,18.455,952.6,-0.5
USA,North America,2013,88.91,50.6,140.84,18.943,851.1,-0.5
USA,North America,2014,88.59,47.35,142.95,19.441,957.1,-0.5
USA,North America,2015,89.25,50.04,145.09,19.95,793.5,-0.5
USA,North America,2016,84.7,52.03,147.27,20.471,885.8,-0.5
USA,North America,2017,86.41,53.75,149.48,21.002,749.9,-0.5
USA,North America,2018,86.85,49.96,151.72,21.545,796.5,-0.5
USA,North America,2019,85.24,52.95,154.0,22.099,744.6,-0.5
USA,North America,2020,84.8,54.65,156.31,22.665,734.5,-0.5
USA,North America,2021,82.09,57.0,158.65,23.243,1007.2,-0.5
USA,North America,2022,82.06,55.38,161.03,23.833,724.6,-0.5
USA,North America,2023,83.9,55.09,163.45,24.435,764.8,-0.5
Mexico,North America,1990,98.82,63.62,100.0,10.0,662.6,-0.6
Mexico,North America,1991,98.15,65.37,101.5,10.302,692.6,-0.6
Mexico,North America,1992,99.82,68.97,103.02,10.611,713.0,-0.6
Mexico,North America,1993,98.56,67.5,104.57,10.927,870.8,-0.6
Mexico,North America,1994,97.71,68.49,106.14,11.25,872.3,-0.6
Mexico,North America,1995,95.14,69.24,107.73,11.581,933.1,-0.6
Mexico,North America,1996,95.26,68.08,109.34,11.919,902.5,-0.6
Mexico,North America,1997,95.49,70.65,110.98,12.264,1154.6,-0.6
Mexico,North America,1998,94.02,66.24,112.65,12.617,845.6,-0.6
Mexico,North America,1999,95.68,69.04,114.34,12.977,1018.0,-0.6
Mexico,North America,2000,91.99,71.39,116.05,13.346,709.1,-0.6
Mexico,North America,2001,95.98,74.49,117.79,13.723,685.0,-0.6
Mexico,North America,2002,91.98,72.72,119.56,14.108,741.9,-0.6
Mexico,North America,2003,92.13,71.55,121.36,14.502,512.0,-0.6
Mexico,North America,2004,91.58,70.62,123.18,14.904,726.0,-0.6
Mexico,North America,2005,93.17,69.99,125.02,15.315,922.0,-0.6
Mexico,North America,2006,89.98,72.44,126.9,15.735,918.6,-0.6
Mexico,North America,2007,90.31,74.64,128.8,16.165,945.2,-0.6
Mexico,North America,2008,88.7,72.78,130.73,16.603,637.2,-0.6
Mexico,North America,2009,87.36,80.4,132.7,17.051,986.7,-0.6
Mexico,North America,2010,85.97,72.36,134.69,17.509,872.3,-0.6
Mexico,North America,2011,88.22,76.6,136.71,17.977,761.8,-0.6
Mexico,North America,2012,86.61,76.66,138.76,18.455,812.9,-0.6
Mexico,North America,2013,82.87,76.04,140.84,18.943,672.3,-0.6
Mexico,North America,2014,85.86,82.97,142.95,19.441,855.1,-0.6
Mexico,North America,2015,84.53,79.34,145.09,19.95,872.4,-0.6
Mexico,North America,2016,85.03,79.21,147.27,20.471,1108.5,-0.6
Mexico,North America,2017,82.1,79.45,149.48,21.002,661.0,-0.6
Mexico,North America,2018,84.03,77.16,151.72,21.545,737.4,-0.6
Mexico,North America,2019,82.16,81.45,154.0,22.099,937.8,-0.6
Mexico,North America,2020,80.13,80.11,156.31,22.665,693.6,-0.6
Mexico,North America,2021,79.51,80.07,158.65,23.243,753.7,-0.6
Mexico,North America,2022,84.44,81.87,161.03,23.833,593.4,-0.6
Mexico,North America,2023,79.35,83.54,163.45,24.435,1113.3,-0.6
Spain,Europe,1990,97.62,51.24,100.0,10.0,1080.6,-0.5
Spain,Europe,1991,100.08,53.76,101.5,10.302,880.2,-0.5
Spain,Europe,1992,95.05,56.01,103.02,10.611,849.2,-0.5
Spain,Europe,1993,99.89,54.47,104.57,10.927,812.9,-0.5
Spain,Europe,1994,96.61,57.51,106.14,11.25,665.7,-0.5
Spain,Europe,1995,96.89,55.51,107.73,11.581,897.7,-0.5
Spain,Europe,1996,98.29,57.53,109.34,11.919,805.7,-0.5
Spain,Europe,1997,94.33,57.9,110.98,12.264,792.5,-0.5
Spain,Europe,1998,99.93,56.78,112.65,12.617,1019.6,-0.5
Spain,Europe,1999,97.0,60.06,114.34,12.977,1063.8,-0.5
Spain,Europe,2000,95.56,60.78,116.05,13.346,792.0,-0.5
Spain,Europe,2001,96.34,62.69,117.79,13.723,706.1,-0.5
Spain,Europe,2002,92.02,60.59,119.56,14.108,680.0,-0.5
Spain,Europe,2003,93.4,63.97,121.36,14.502,731.4,-0.5
Spain,Europe,2004,92.94,62.12,123.18,14.904,927.3,-0.5
Spain,Europe,2005,89.13,61.29,125.02,15.315,831.7,-0.5
Spain,Europe,2006,93.8,62.02,126.9,15.735,518.5,-0.5
Spain,Europe,2007,92.43,62.23,128.8,16.165,621.6,-0.5
Spain,Europe,2008,90.06,63.63,130.73,16.603,709.3,-0.5
Spain,Europe,2009,87.19,66.29,132.7,17.051,991.2,-0.5
Spain,Europe,2010,90.98,62.72,134.69,17.509,769.8,-0.5
Spain,Europe,2011,89.49,66.7,136.71,17.977,900.3,-0.5
Spain,Europe,2012,87.9,66.16,138.76,18.455,868.6,-0.5
Spain,Europe,2013,90.68,67.91,140.84,18.943,918.4,-0.5
Spain,Europe,2014,88.13,69.82,142.95,19.441,861.5,-0.5
Spain,Europe,2015,86.21,70.31,145.09,19.95,904.7,-0.5
Spain,Europe,2016,86.34,67.04,147.27,20.471,844.5,-0.5
Spain,Europe,2017,87.19,68.89,149.48,21.002,846.7,-0.5
Spain,Europe,2018,88.55,71.14,151.72,21.545,828.6,-0.5
Spain,Europe,2019,86.91,67.43,154.0,22.099,859.7,-0.5
Spain,Europe,2020,87.71,69.56,156.31,22.665,672.9,-0.5
Spain,Europe,2021,83.52,68.32,158.65,23.243,682.3,-0.5
Spain,Europe,2022,83.44,68.19,161.03,23.833,802.3,-0.5
Spain,Europe,2023,84.85,69.68,163.45,24.435,1027.9,-0.5
Italy,Europe,1990,100.77,50.06,100.0,10.0,701.3,-0.4
Italy,Europe,1991,100.88,46.32,101.5,10.302,933.5,-0.4
Italy,Europe,1992,99.46,50.11,103.02,10.611,623.7,-0.4
Italy,Europe,1993,97.46,50.69,104.57,10.927,657.7,-0.4
Italy,Europe,1994,99.09,47.27,106.14,11.25,927.2,-0.4
Italy,Europe,1995,96.15,51.6,107.73,11.581,893.8,-0.4
Italy,Europe,1996,96.55,52.16,109.34,11.919,839.1,-0.4
Italy,Europe,1997,96.39,49.48,110.98,12.264,505.6,-0.4
Italy,Europe,1998,97.32,48.87,112.65,12.617,814.3,-0.4
Italy,Europe,1999,96.0,53.86,114.34,12.977,754.7,-0.4
Italy,Europe,2000,95.51,54.46,116.05,13.346,850.3,-0.4
Italy,Europe,2001,96.07,54.44,117.79,13.723,569.7,-0.4
Italy,Europe,2002,96.34,55.22,119.56,14.108,647.5,-0.4
Italy,Europe,2003,94.43,54.42,121.36,14.502,779.8,-0.4
Italy,Europe,2004,94.9,57.86,123.18,14.904,962.3,-0.4
Italy,Europe,2005,92.03,56.74,125.02,15.315,999.3,-0.4
Italy,Europe,2006,94.18,58.18,126.9,15.735,1101.8,-0.4
Italy,Europe,2007,94.74,57.0,128.8,16.165,956.8,-0.4
Italy,Europe,2008,93.02,57.05,130.73,16.603,747.3,-0.4
Italy,Europe,2009,94.75,55.86,132.7,17.051,1029.9,-0.4
Italy,Europe,2010,92.75,55.2,134.69,17.509,855.1,-0.4
Italy,Europe,2011,88.45,59.75,136.71,17.977,932.8,-0.4
Italy,Europe,2012,90.31,59.25,138.76,18.455,1093.1,-0.4
Italy,Europe,2013,90.04,57.38,140.84,18.943,1022.2,-0.4
Italy,Europe,2014,93.34,60.01,142.95,19.441,951.7,-0.4
Italy,Europe,2015,92.01,59.02,145.09,19.95,727.2,-0.4
Italy,Europe,2016,91.45,64.37,147.27,20.471,884.4,-0.4
Italy,Europe,2017,87.88,65.47,149.48,21.002,720.4,-0.4
Italy,Europe,2018,88.3,62.68,151.72,21.545,1033.1,-0.4
Italy,Europe,2019,89.68,63.33,154.0,22.099,869.5,-0.4
Italy,Europe,2020,88.07,64.12,156.31,22.665,420.6,-0.4
Italy,Europe,2021,87.16,63.98,158.65,23.243,627.3,-0.4
Italy,Europe,2022,87.78,63.59,161.03,23.833,1063.3,-0.4
Italy,Europe,2023,89.16,63.57,163.45,24.435,777.4,-0.4
Australia,Oceania,1990,99.89,41.1,100.0,10.0,829.3,-0.6
Australia,Oceania,1991,98.26,40.24,101.5,10.302,893.4,-0.6
Australia,Oceania,1992,99.74,41.39,103.02,10.611,934.3,-0.6
Australia,Oceania,1993,97.25,44.01,104.57,10.927,923.1,-0.6
Australia,Oceania,1994,97.55,44.91,106.14,11.25,722.5,-0.6
Australia,Oceania,1995,96.71,44.09,107.73,11.581,688.0,-0.6
Australia,Oceania,1996,96.13,41.9,109.34,11.919,726.3,-0.6
Australia,Oceania,1997,95.37,44.99,110.98,12.264,763.8,-0.6
Australia,Oceania,1998,95.11,46.96,112.65,12.617,931.2,-0.6
Australia,Oceania,1999,93.63,44.09,114.34,12.977,643.7,-0.6
Australia,Oceania,2000,93.27,46.3,116.05,13.346,684.5,-0.6
Australia,Oceania,2001,91.46,46.59,117.79,13.723,827.2,-0.6
Australia,Oceania,2002,93.69,46.89,119.56,14.108,738.1,-0.6
Australia,Oceania,2003,90.81,48.44,121.36,14.502,672.7,-0.6
Australia,Oceania,2004,92.46,45.43,123.18,14.904,746.1,-0.6
Australia,Oceania,2005,91.45,49.87,125.02,15.315,1204.0,-0.6
Australia,Oceania,2006,90.92,47.99,126.9,15.735,785.7,-0.6
Australia,Oceania,2007,87.14,50.34,128.8,16.165,675.0,-0.6
Australia,Oceania,2008,90.57,49.9,130.73,16.603,782.5,-0.6
Australia,Oceania,2009,87.65,54.98,132.7,17.051,751.8,-0.6
Australia,Oceania,2010,90.75,53.63,134.69,17.509,872.3,-0.6
Australia,Oceania,2011,87.95,53.29,136.71,17.977,510.8,-0.6
Australia,Oceania,2012,86.38,54.69,138.76,18.455,792.7,-0.6
Australia,Oceania,2013,84.09,53.4,140.84,18.943,1055.6,-0.6
Australia,Oceania,2014,87.47,53.88,142.95,19.441,942.7,-0.6
Australia,Oceania,2015,84.45,51.09,145.09,19.95,661.3,-0.6
Australia,Oceania,2016,86.74,54.45,147.27,20.471,763.5,-0.6
Australia,Oceania,2017,83.35,59.31,149.48,21.002,1043.9,-0.6
Australia,Oceania,2018,86.53,55.68,151.72,21.545,844.3,-0.6
Australia,Oceania,2019,80.33,59.45,154.0,22.099,624.8,-0.6
Australia,Oceania,2020,82.33,54.81,156.31,22.665,711.7,-0.6
Australia,Oceania,2021,80.14,56.28,158.65,23.243,719.1,-0.6
Australia,Oceania,2022,79.98,59.67,161.03,23.833,634.3,-0.6
Australia,Oceania,2023,80.53,60.94,163.45,24.435,723.0,-0.6
Brazil,South America,1990,98.92,21.54,100.0,10.0,977.0,-0.3
Brazil,South America,1991,99.99,21.44,101.5,10.302,872.6,-0.3
Brazil,South America,1992,97.75,24.36,103.02,10.611,861.3,-0.3
Brazil,South America,1993,98.64,21.82,104.57,10.927,667.0,-0.3
Brazil,South America,1994,99.6,26.46,106.14,11.25,704.4,-0.3
Brazil,South America,1995,99.19,20.33,107.73,11.581,712.3,-0.3
Brazil,South America,1996,98.15,23.18,109.34,11.919,659.5,-0.3
Brazil,South America,1997,96.9,26.08,110.98,12.264,771.9,-0.3
Brazil,South America,1998,94.24,21.76,112.65,12.617,709.0,-0.3
Brazil,South America,1999,97.99,21.0,114.34,12.977,725.0,-0.3
Brazil,South America,2000,96.21,29.78,116.05,13.346,742.2,-0.3
Brazil,South America,2001,97.27,27.78,117.79,13.723,480.4,-0.3
Brazil,South America,2002,97.55,28.43,119.56,14.108,876.2,-0.3
Brazil,South America,2003,101.99,24.33,121.36,14.502,1058.7,-0.3
Brazil,South America,2004,95.37,29.57,123.18,14.904,793.2,-0.3
Brazil,South America,2005,94.86,28.36,125.02,15.315,849.4,-0.3
Brazil,South America,2006,92.92,31.5,126.9,15.735,737.6,-0.3
Brazil,South America,2007,93.2,29.6,128.8,16.165,988.6,-0.3
Brazil,South America,2008,93.8,31.72,130.73,16.603,690.4,-0.3
Brazil,South America,2009,95.44,32.87,132.7,17.051,1077.3,-0.3
Brazil,South America,2010,93.74,33.34,134.69,17.509,814.7,-0.3
Brazil,South America,2011,95.64,31.06,136.71,17.977,911.8,-0.3
Brazil,South America,2012,93.11,32.87,138.76,18.455,813.8,-0.3
Brazil,South America,2013,93.48,33.27,140.84,18.943,832.2,-0.3
Brazil,South America,2014,95.17,35.97,142.95,19.441,930.4,-0.3
Brazil,South America,2015,91.82,32.72,145.09,19.95,943.3,-0.3
Brazil,South America,2016,93.51,37.95,147.27,20.471,709.4,-0.3
Brazil,South America,2017,91.56,32.22,149.48,21.002,741.1,-0.3
Brazil,South America,2018,93.09,35.07,151.72,21.545,896.1,-0.3
Brazil,South America,2019,91.01,37.15,154.0,22.099,627.8,-0.3
Brazil,South America,2020,91.13,31.02,156.31,22.665,772.0,-0.3
Brazil,South America,2021,88.25,39.91,158.65,23.243,916.6,-0.3
Brazil,South America,2022,91.1,41.04,161.03,23.833,657.7,-0.3
Brazil,South America,2023,92.72,40.36,163.45,24.435,764.5,-0.3
Argentina,South America,1990,101.7,22.79,100.0,10.0,676.3,-0.3
Argentina,South America,1991,98.79,24.44,101.5,10.302,641.5,-0.3
Argentina,South America,1992,101.23,25.48,103.02,10.611,852.9,-0.3
Argentina,South America,1993,98.24,22.86,104.57,10.927,840.5,-0.3
Argentina,South America,1994,95.93,26.86,106.14,11.25,594.8,-0.3
Argentina,South America,1995,101.48,29.32,107.73,11.581,815.9,-0.3
Argentina,South America,1996,100.1,26.31,109.34,11.919,881.5,-0.3
Argentina,South America,1997,98.2,29.03,110.98,12.264,990.9,-0.3
Argentina,South America,1998,98.7,29.58,112.65,12.617,551.8,-0.3
Argentina,South America,1999,95.86,29.25,114.34,12.977,814.0,-0.3
Argentina,South America,2000,95.3,34.82,116.05,13.346,1027.5,-0.3
Argentina,South America,2001,97.6,30.64,117.79,13.723,768.2,-0.3
Argentina,South America,2002,94.97,31.15,119.56,14.108,838.7,-0.3
Argentina,South America,2003,94.24,32.17,121.36,14.502,776.7,-0.3
Argentina,South America,2004,92.94,30.28,123.18,14.904,738.0,-0.3
Argentina,South America,2005,98.33,33.61,125.02,15.315,599.7,-0.3
Argentina,South America,2006,95.93,29.91,126.9,15.735,962.4,-0.3
Argentina,South America,2007,94.19,33.31,128.8,16.165,998.9,-0.3
Argentina,South America,2008,92.67,31.21,130.73,16.603,712.5,-0.3
Argentina,South America,2009,95.86,31.46,132.7,17.051,375.2,-0.3
Argentina,South America,2010,93.32,36.1,134.69,17.509,980.0,-0.3
Argentina,South America,2011,93.01,34.68,136.71,17.977,973.1,-0.3
Argentina,South America,2012,90.6,35.22,138.76,18.455,828.6,-0.3
Argentina,South America,2013,93.77,35.48,140.84,18.943,805.2,-0.3
Argentina,South America,2014,89.07,35.68,142.95,19.441,868.0,-0.3
Argentina,South America,2015,91.03,37.62,145.09,19.95,867.0,-0.3
Argentina,South America,2016,91.69,38.34,147.27,20.471,655.6,-0.3
Argentina,South America,2017,91.59,39.72,149.48,21.002,823.5,-0.3
Argentina,South America,2018,90.72,39.45,151.72,21.545,907.2,-0.3
Argentina,South America,2019,88.23,41.82,154.0,22.099,749.6,-0.3
Argentina,South America,2020,91.64,42.39,156.31,22.665,594.2,-0.3
Argentina,South America,2021,89.64,39.92,158.65,23.243,682.4,-0.3
Argentina,South America,2022,93.0,39.29,161.03,23.833,716.7,-0.3
Argentina,South America,2023,90.41,39.1,163.45,24.435,740.6,-0.3
